{"cameraMode":{"drawMode":0,"name":"Shaded","section":"Shading Mode"},"sceneLighting":true,"audioPlay":false,"sceneViewState":{"showFog":true,"showMaterialUpdate":false,"showSkybox":true,"showFlares":true,"showImageEffects":true,"showParticleSystems":true},"in2DMode":false,"pivot":{"x":2.89897084236145,"y":0.40299156308174136,"z":-0.38399338722229006},"rotation":{"x":-0.22889168560504914,"y":0.5103261470794678,"z":-0.14305837452411652,"w":-0.8165270090103149},"size":0.5660253763198853,"orthographic":false}